"BBC News", "http://www.bbc.co.uk/news"
"BBC Home", "http://www.bbc.co.uk/"
"BBC Radio", "http://www.bbc.co.uk/radio"
"Google", "http://www.google.com"
"exponentialdecay.co.uk", "http://www.exponentialdecay.co.uk"
"Internet Archive", "http://www.archive.org"
"perma.cc", "http://perma.cc"
"wikipedia.org", "http://wikipedia.org"
"The Million Dollar Homepage", "http://www.getpixel.net"
"Ravensburger Blog", "https://community.ravensburger.de/t5/Puzzle-Blog/Dieser-Sommer/ba-p/8735
"Wonderforge", "http://wonderforge.com/"
"Ravensburger Puzzle World", "https://urlz.fr/lxe8"
"Ravensburger Puzzle World", "https://is.gd/5WrcId"
"Ravensburger Puzzle World", "https://t.ly/ZG-1P"
